Link Text,URL,,,
,,,,
<p>,Quick Links,,,
<p>,Copyright © 2020 Punjab Engineering College (Deemed to be University), Sector 12, Chandigarh,160012
<p>,Quick Links,,,
<p>,Copyright © 2020 Punjab Engineering College (Deemed to be University), Sector 12, Chandigarh,160012
<p>,Quick Links,,,
<p>,Copyright © 2020 Punjab Engineering College (Deemed to be University), Sector 12, Chandigarh,160012
<p>,Quick Links,,,
<p>,Copyright © 2020 Punjab Engineering College (Deemed to be University), Sector 12, Chandigarh,160012
